Song,Name
the,Michael
of,Christopher
to,Jessica
and,Matthew
a,Ashley
in,Jennifer
is,Joshua
it,Amanda
you,Daniel
that,David
he,James
was,Robert
for,John
on,Joseph
are,Andrew
with,Ryan
as,Brandon
I,Jason
his,Justin
they,Sarah
be,William
at,Jonathan
one,Stephanie
have,Brian
this,Nicole
from,Nicholas
or,Anthony
had,Heather
by,Eric
not,Elizabeth
word,Adam
but,Megan
what,Melissa
some,Kevin
we,Steven
can,Thomas
out,Timothy
other,Christina
were,Kyle
all,Rachel
there,Laura
when,Lauren
up,Amber
use,Brittany
your,Danielle
how,Richard
said,Kimberly
an,Jeffrey
each,Amy
she,Crystal
which,Michelle
do,Tiffany
their,Jeremy
time,Benjamin
if,Mark
will,Emily
way,Aaron
about,Charles
many,Rebecca
then,Jacob
them,Stephen
write,Patrick
would,Sean
like,Erin
so,Zachary
these,Jamie
her,Kelly
long,Samantha
make,Nathan
thing,Sara
see,Dustin
him,Paul
two,Angela
has,Tyler
look,Scott
more,Katherine
day,Andrea
could,Gregory
go,Erica
come,Mary
did,Travis
number,Lisa
sound,Kenneth
no,Bryan
most,Lindsey
people,Kristen
my,Jose
over,Alexander
know,Jesse
water,Katie
than,Lindsay
call,Shannon
first,Vanessa
who,Courtney
may,Christine
down,Alicia
side,Cody
been,Allison
now,Bradley
find,Samuel
any,Shawn
new,April
work,Derek
part,Kathryn
take,Kristin
get,Chad
place,Jenna
made,Tara
live,Maria
where,Krystal
after,Jared
back,Anna
little,Edward
only,Julie
round,Peter
man,Holly
year,Marcus
came,Kristina
show,Natalie
every,Jordan
good,Victoria
me,Jacqueline
give,Corey
our,Keith
under,Monica
name,Juan
very,Donald
through,Cassandra
just,Meghan
form,Joel
sentence,Shane
great,Phillip
think,Patricia
say,Brett
help,Ronald
low,Catherine
line,George
differ,Antonio
turn,Cynthia
cause,Stacy
much,Kathleen
mean,Raymond
before,Carlos
move,Brandi
right,Douglas
boy,Nathaniel
old,Ian
too,Craig
same,Brandy
tell,Alex
does,Valerie
set,Veronica
three,Cory
want,Whitney
air,Gary
well,Derrick
also,Philip
play,Luis
small,Diana
end,Chelsea
put,Leslie
home,Caitlin
read,Leah
hand,Natasha
port,Erika
large,Casey
spell,Latoya
add,Erik
even,Dana
land,Victor
here,Brent
must,Dominique
big,Frank
high,Brittney
such,Evan
follow,Gabriel
act,Julia
why,Candice
ask,Karen
men,Melanie
change,Adrian
went,Stacey
light,Margaret
kind,Sheena
off,Wesley
need,Vincent
house,Alexandra
picture,Katrina
try,Bethany
us,Nichole
again,Larry
animal,Jeffery
point,Curtis
mother,Carrie
world,Todd
near,Blake
build,Christian
self,Randy
earth,Dennis
father,Alison
head,Trevor
stand,Seth
own,Kara
page,Joanna
should,Rachael
country,Luke
found,Felicia
answer,Brooke
school,Austin
grow,Candace
study,Jasmine
still,Jesus
learn,Alan
plant,Susan
cover,Sandra
food,Tracy
sun,Kayla
four,Nancy
between,Tina
state,Krystle
keep,Russell
eye,Jeremiah
never,Carl
last,Miguel
let,Tony
thought,Alexis
city,Gina
tree,Jillian
cross,Pamela
farm,Mitchell
hard,Hannah
start,Renee
might,Denise
story,Molly
saw,Jerry
far,Misty
sea,Mario
draw,Johnathan
left,Jaclyn
late,Brenda
run,Terry
don't,Lacey
while,Shaun
press,Devin
close,Heidi
night,Troy
real,Lucas
life,Desiree
few,Jorge
north,Andre
open,Morgan
seem,Drew
together,Sabrina
next,Miranda
white,Alyssa
children,Alisha
begin,Teresa
got,Johnny
walk,Meagan
example,Allen
ease,Krista
paper,Marc
group,Tabitha
always,Lance
music,Ricardo
those,Martin
both,Chase
mark,Theresa
often,Melinda
letter,Monique
until,Tanya
mile,Linda
river,Kristopher
car,Bobby
feet,Caleb
care,Ashlee
second,Kelli
book,Henry
carry,Garrett
took,Mallory
science,Jill
eat,Jonathon
room,Kristy
friend,Anne
began,Francisco
idea,Danny
fish,Robin
mountain,Lee
stop,Tamara
once,Manuel
base,Meredith
hear,Colleen
horse,Lawrence
cut,Christy
sure,Ricky
watch,Randall
color,Marissa
face,Ross
wood,Mathew
main,Jimmy
enough,Abigail
plain,Kendra
girl,Carolyn
usual,Billy
young,Deanna
ready,Jenny
above,Jon
ever,Albert
red,Taylor
list,Lori
though,Rebekah
feel,Cameron
talk,Ebony
bird,Wendy
soon,Angel
body,Micheal
dog,Kristi
family,Caroline
direct,Colin
pose,Dawn
leave,Kari
song,Clayton
measure,Arthur
door,Roger
product,Roberto
black,Priscilla
short,Darren
numeral,Kelsey
class,Clinton
wind,Walter
question,Louis
happen,Barbara
complete,Isaac
ship,Cassie
area,Grant
half,Cristina
rock,Tonya
order,Rodney
fire,Bridget
south,Joe
problem,Cindy
piece,Oscar
told,Willie
knew,Maurice
pass,Jaime
since,Angelica
top,Sharon
whole,Julian
king,Jack
space,Jay
heard,Calvin
best,Marie
hour,Hector
better,Kate
TRUE,Adrienne
during,Tasha
hundred,Michele
five,Ana
remember,Stefanie
step,Cara
early,Alejandro
hold,Ruben
west,Gerald
ground,Audrey
interest,Kristine
reach,Ann
fast,Shana
verb,Javier
sing,Katelyn
listen,Brianna
six,Bruce
table,Deborah
travel,Claudia
less,Carla
morning,Wayne
ten,Roy
simple,Virginia
several,Haley
vowel,Brendan
toward,Janelle
war,Jacquelyn
lay,Beth
against,Edwin
pattern,Dylan
slow,Dominic
center,Latasha
love,Darrell
person,Geoffrey
money,Savannah
serve,Reginald
appear,Carly
road,Fernando
map,Ashleigh
rain,Aimee
rule,Regina
govern,Mandy
pull,Sergio
cold,Rafael
notice,Pedro
voice,Janet
unit,Kaitlin
power,Frederick
town,Cheryl
fine,Autumn
certain,Tyrone
fly,Martha
fall,Omar
lead,Lydia
cry,Jerome
dark,Theodore
machine,Abby
note,Neil
wait,Shawna
plan,Sierra
figure,Nina
star,Tammy
box,Nikki
noun,Terrance
field,Donna
rest,Claire
correct,Cole
able,Trisha
pound,Bonnie
done,Diane
beauty,Summer
drive,Carmen
stood,Mayra
contain,Jermaine
front,Eddie
teach,Micah
week,Marvin
final,Levi
gave,Emmanuel
green,Brad
oh,Taryn
quick,Toni
develop,Jessie
ocean,Evelyn
warm,Darryl
free,Ronnie
minute,Joy
strong,Adriana
special,Ruth
mind,Mindy
behind,Spencer
clear,Noah
tail,Raul
produce,Suzanne
fact,Sophia
street,Dale
inch,Jodi
multiply,Christie
nothing,Raquel
course,Naomi
stay,Kellie
wheel,Ernest
full,Jake
force,Grace
blue,Tristan
object,Shanna
decide,Hilary
surface,Eduardo
deep,Ivan
moon,Hillary
island,Yolanda
foot,Alberto
system,Andres
busy,Olivia
test,Armando
record,Paula
boat,Amelia
common,Sheila
gold,Rosa
possible,Robyn
plane,Kurt
stead,Dane
dry,Glenn
wonder,Nicolas
laugh,Gloria
thousand,Eugene
ago,Logan
ran,Steve
check,Ramon
game,Bryce
shape,Tommy
equate,Preston
hot,Keri
miss,Devon
brought,Alana
heat,Marisa
snow,Melody
tire,Rose
bring,Barry
yes,Marco
distant,Karl
fill,Daisy
east,Leonard
paint,Randi